City_ID,City,Country,Date,Lat,Lng,Max Temp,Humidity,Cloudiness,Wind Speed,Current Description
0,Trail,CA,2021-10-03 19:50:06,49.0998,-117.7022,69.67,55,8,8.01,clear sky
1,Tete,MZ,2021-10-03 19:50:06,-16.1564,33.5867,95.14,23,20,5.01,few clouds
2,Mercedes,AR,2021-10-03 19:55:11,-34.6515,-59.4307,63.86,43,31,11.99,scattered clouds
3,Muros,ES,2021-10-03 19:55:11,42.7762,-9.0603,59.23,89,56,4.61,broken clouds
4,Lisakovsk,KZ,2021-10-03 19:55:12,52.5369,62.4936,34.32,80,38,11.54,scattered clouds
5,Avarua,CK,2021-10-03 19:55:13,-21.2078,-159.775,77.05,69,75,9.22,broken clouds
6,Mar Del Plata,AR,2021-10-03 19:55:13,-38.0023,-57.5575,55.42,53,0,18.99,clear sky
7,Alice Springs,AU,2021-10-03 19:55:14,-23.7,133.8833,53.15,50,0,0.0,clear sky
8,Cayenne,GF,2021-10-03 19:49:21,4.9333,-52.3333,89.64,72,0,3.0,clear sky
9,Qaanaaq,GL,2021-10-03 19:50:10,77.484,-69.3632,31.21,97,100,7.11,light snow
10,Surin,TH,2021-10-03 19:50:11,14.8818,103.4936,75.67,86,100,2.42,overcast clouds
11,Ponta Do Sol,PT,2021-10-03 19:48:58,32.6667,-17.1,76.01,77,100,3.29,overcast clouds
12,Omsukchan,RU,2021-10-03 19:50:12,62.5333,155.8,24.75,91,100,10.4,overcast clouds
13,Imbituba,BR,2021-10-03 19:50:12,-28.24,-48.6703,75.09,86,100,1.12,light rain
14,Butaritari,KI,2021-10-03 19:48:18,3.0707,172.7902,82.29,67,100,17.29,overcast clouds
15,Khatanga,RU,2021-10-03 19:50:13,71.9667,102.5,17.13,95,99,10.78,overcast clouds
16,Cabo San Lucas,MX,2021-10-03 19:50:13,22.8909,-109.9124,91.62,61,97,5.35,overcast clouds
17,Cockburn Town,TC,2021-10-03 19:47:54,21.4612,-71.1419,78.76,78,75,13.8,broken clouds
18,Bereda,ES,2021-10-03 19:50:14,43.2686,-7.5406,53.91,99,14,2.62,few clouds
19,Poum,NC,2021-10-03 19:50:14,-20.2333,164.0167,74.43,86,0,13.42,clear sky
20,Sirjan,IR,2021-10-03 19:50:15,29.452,55.6814,68.95,23,32,4.74,scattered clouds
21,Itarema,BR,2021-10-03 19:50:15,-2.9248,-39.9167,81.45,75,0,18.72,clear sky
22,Busselton,AU,2021-10-03 19:48:17,-33.65,115.3333,41.09,64,93,4.97,overcast clouds
23,Albany,US,2021-10-03 19:49:10,42.6001,-73.9662,66.31,88,100,1.3,overcast clouds
24,Fairbanks,US,2021-10-03 19:46:19,64.8378,-147.7164,35.6,95,90,1.01,light snow
25,Westport,US,2021-10-03 19:50:16,41.1415,-73.3579,79.05,58,1,3.0,clear sky
26,Hilo,US,2021-10-03 19:50:17,19.7297,-155.09,78.8,83,90,3.44,light rain
27,Saint George,US,2021-10-03 19:48:26,37.1041,-113.5841,88.63,19,1,1.01,clear sky
28,Fort Nelson,CA,2021-10-03 19:49:56,58.8053,-122.7002,47.79,49,75,5.75,broken clouds
29,Nanortalik,GL,2021-10-03 19:50:18,60.1432,-45.2371,39.9,77,0,5.46,clear sky
30,Pahrump,US,2021-10-03 19:50:18,36.2083,-115.9839,90.05,12,0,1.99,clear sky
31,New Norfolk,AU,2021-10-03 19:50:18,-42.7826,147.0587,53.74,82,52,1.9,broken clouds
32,Vardo,NO,2021-10-03 19:50:19,70.3705,31.1107,50.2,76,100,28.23,overcast clouds
33,Ancud,CL,2021-10-03 19:48:59,-41.8697,-73.8203,51.33,68,99,11.16,overcast clouds
34,Chokurdakh,RU,2021-10-03 19:50:20,70.6333,147.9167,19.42,96,96,8.37,overcast clouds
35,Dikson,RU,2021-10-03 19:50:20,73.5069,80.5464,34.9,98,100,23.89,light rain
36,Chapais,CA,2021-10-03 19:50:20,49.7834,-74.8492,56.98,44,5,6.13,clear sky
37,Saint-Philippe,RE,2021-10-03 19:48:31,-21.3585,55.7679,71.22,83,43,15.01,light rain
38,Svetlogorsk,BY,2021-10-03 19:50:21,52.6333,29.7333,46.85,73,100,7.49,overcast clouds
39,Kodiak,US,2021-10-03 19:47:26,57.79,-152.4072,42.31,52,1,14.97,clear sky
40,Saskylakh,RU,2021-10-03 19:48:30,71.9167,114.0833,17.13,92,99,11.14,overcast clouds
41,Cidreira,BR,2021-10-03 19:50:22,-30.1811,-50.2056,66.88,88,100,7.52,light rain
42,Mackenzie,CA,2021-10-03 19:50:22,55.2999,-123.1698,43.02,42,90,10.36,overcast clouds
43,Punta Arenas,CL,2021-10-03 19:45:54,-53.15,-70.9167,44.71,70,75,32.21,broken clouds
44,Sorland,NO,2021-10-03 19:50:23,67.667,12.6934,53.67,80,100,20.92,light rain
45,Bukama,CD,2021-10-03 19:50:23,-9.2,25.85,71.46,89,100,3.29,moderate rain
46,Fredonia,US,2021-10-03 19:50:24,42.4401,-79.3317,69.75,95,90,3.44,mist
47,Vaini,TO,2021-10-03 19:50:24,-21.2,-175.2,75.36,88,90,8.05,overcast clouds
48,Ushuaia,AR,2021-10-03 19:46:59,-54.8,-68.3,46.06,76,75,27.63,moderate rain
49,Hobart,AU,2021-10-03 19:50:25,-42.8794,147.3294,54.1,94,75,1.01,broken clouds
50,Jining,CN,2021-10-03 19:50:25,35.405,116.5814,70.57,97,100,4.65,overcast clouds
51,Kapaa,US,2021-10-03 19:50:26,22.0752,-159.319,80.58,82,90,1.01,light rain
52,Batagay-Alyta,RU,2021-10-03 19:49:33,67.8006,130.4114,15.62,91,31,1.59,scattered clouds
53,Saint-Leu,RE,2021-10-03 19:50:26,-21.15,55.2833,70.68,75,0,3.53,clear sky
54,Bethel,US,2021-10-03 19:49:22,41.3712,-73.414,76.46,67,1,5.75,clear sky
55,Port Alfred,ZA,2021-10-03 19:55:24,-33.5906,26.891,56.34,74,42,6.31,light rain
56,Pilar,BR,2021-10-03 19:50:27,-9.5972,-35.9567,84.13,78,17,8.99,few clouds
57,Palmer,US,2021-10-03 19:50:28,42.1584,-72.3287,74.32,69,90,3.44,overcast clouds
58,Sisimiut,GL,2021-10-03 19:50:28,66.9395,-53.6735,36.14,74,17,4.59,few clouds
59,Stornoway,GB,2021-10-03 19:50:29,58.2093,-6.3865,53.92,87,20,11.5,few clouds
60,Atuona,PF,2021-10-03 19:50:29,-9.8,-139.0333,77.59,75,14,17.6,few clouds
61,Jamestown,US,2021-10-03 19:47:34,42.097,-79.2353,70.09,71,90,4.0,mist
62,Tasiilaq,GL,2021-10-03 19:50:30,65.6145,-37.6368,25.95,54,0,5.41,clear sky
63,Pevek,RU,2021-10-03 19:49:22,69.7008,170.3133,23.7,91,99,7.43,overcast clouds
64,Luderitz,NA,2021-10-03 19:49:45,-26.6481,15.1594,59.72,51,89,23.78,overcast clouds
65,Barrow,US,2021-10-03 19:50:31,71.2906,-156.7887,30.22,80,90,12.66,haze
66,College,US,2021-10-03 19:50:32,64.8569,-147.8028,35.58,95,75,4.61,light snow
67,Puerto Ayora,EC,2021-10-03 19:50:33,-0.7393,-90.3518,72.46,77,31,11.03,scattered clouds
68,Quatre Cocos,MU,2021-10-03 19:50:33,-20.2078,57.7625,73.09,80,40,16.17,scattered clouds
69,Port Blair,IN,2021-10-03 19:50:26,11.6667,92.75,80.35,81,19,6.62,moderate rain
70,Klaksvik,FO,2021-10-03 19:50:05,62.2266,-6.589,47.32,94,100,29.44,overcast clouds
71,Lapua,FI,2021-10-03 19:50:34,62.9693,23.0088,53.47,79,100,14.72,overcast clouds
72,Meridian,US,2021-10-03 19:50:19,43.6121,-116.3915,80.17,25,1,1.99,clear sky
73,Kahului,US,2021-10-03 19:47:33,20.8947,-156.47,84.22,72,20,21.85,few clouds
74,Mataura,NZ,2021-10-03 19:50:35,-46.1927,168.8643,44.47,88,100,7.72,overcast clouds
75,Bathsheba,BB,2021-10-03 19:50:36,13.2167,-59.5167,88.41,58,20,21.85,few clouds
76,Bredasdorp,ZA,2021-10-03 19:46:04,-34.5322,20.0403,49.32,87,39,3.44,scattered clouds
77,Padang,ID,2021-10-03 19:50:36,-0.9492,100.3543,77.04,87,94,2.66,overcast clouds
78,Fort Wellington,GY,2021-10-03 19:50:37,6.4,-57.6,83.44,70,100,10.04,overcast clouds
79,Karatau,KZ,2021-10-03 19:50:37,43.1667,70.4667,42.94,46,1,4.5,clear sky
80,Sao Filipe,CV,2021-10-03 19:48:49,14.8961,-24.4956,80.38,76,99,6.82,overcast clouds
81,Thompson,CA,2021-10-03 19:50:39,55.7435,-97.8558,64.56,45,75,8.05,broken clouds
82,Matamoros,MX,2021-10-03 19:46:16,25.5333,-103.25,78.91,50,90,4.61,overcast clouds
83,Sitka,US,2021-10-03 19:51:57,57.0531,-135.33,44.49,76,75,0.0,light rain
84,Gorzow Wielkopolski,PL,2021-10-03 19:50:40,52.7368,15.2288,65.21,63,100,6.26,overcast clouds
85,Mahebourg,MU,2021-10-03 19:48:50,-20.4081,57.7,73.26,88,75,11.5,light rain
86,Vostok,RU,2021-10-03 19:50:41,46.4856,135.8833,44.22,97,100,3.65,overcast clouds
87,Altay,CN,2021-10-03 19:50:41,47.8667,88.1167,32.47,43,91,5.21,overcast clouds
88,Farah,AF,2021-10-03 19:50:42,32.5,62.5,59.54,26,0,4.85,clear sky
89,Pingtung,TW,2021-10-03 19:50:42,22.6714,120.4881,82.81,87,75,4.61,broken clouds
90,Carnarvon,AU,2021-10-03 19:49:01,-24.8667,113.6333,62.67,77,0,12.66,clear sky
91,Marsa Matruh,EG,2021-10-03 19:50:43,31.3525,27.2453,73.6,53,20,8.05,few clouds
92,Salekhard,RU,2021-10-03 19:50:43,66.53,66.6019,28.24,80,91,7.72,overcast clouds
93,Castro,BR,2021-10-03 19:50:44,-24.7911,-50.0119,65.32,95,100,2.98,light rain
94,Bluff,NZ,2021-10-03 19:50:44,-46.6,168.3333,44.8,83,100,23.62,light rain
95,Longyearbyen,SJ,2021-10-03 19:50:45,78.2186,15.6401,37.18,98,100,4.36,overcast clouds
96,Codrington,AU,2021-10-03 19:50:45,-38.2667,141.9667,51.06,88,73,17.47,light rain
97,Valdivia,CL,2021-10-03 19:50:46,-39.8142,-73.2459,57.79,54,25,0.81,scattered clouds
98,Severnoye,RU,2021-10-03 19:50:46,56.3491,78.3619,30.24,92,100,4.16,overcast clouds
99,Cape Town,ZA,2021-10-03 19:53:26,-33.9258,18.4232,57.09,62,20,5.75,few clouds
100,Hithadhoo,MV,2021-10-03 19:50:47,-0.6,73.0833,83.07,76,86,17.43,overcast clouds
101,Kenai,US,2021-10-03 19:50:31,60.5544,-151.2583,44.15,67,40,3.44,scattered clouds
102,Nikolskoye,RU,2021-10-03 19:48:57,59.7035,30.7861,49.39,87,0,7.85,clear sky
103,Sao Felix Do Xingu,BR,2021-10-03 19:50:48,-6.6447,-51.995,87.51,52,100,4.5,light rain
104,Lagoa,PT,2021-10-03 19:50:48,39.05,-27.9833,70.74,92,54,12.66,broken clouds
105,Batemans Bay,AU,2021-10-03 19:50:49,-35.7167,150.1833,55.9,93,66,4.0,light rain
106,Ville-Marie,CA,2021-10-03 19:46:17,47.3335,-79.433,57.2,66,69,6.04,broken clouds
107,Aklavik,CA,2021-10-03 19:55:36,68.2191,-135.0107,34.52,93,90,16.11,overcast clouds
108,Yellowknife,CA,2021-10-03 19:48:39,62.456,-114.3525,53.42,47,20,9.22,few clouds
109,Grindavik,IS,2021-10-03 19:48:53,63.8424,-22.4338,46.35,87,0,19.57,clear sky
110,Sal Rei,CV,2021-10-03 19:50:50,16.1833,-22.9167,84.4,74,20,14.97,few clouds
111,Provideniya,RU,2021-10-03 19:50:50,64.3833,-173.3,30.31,74,75,4.47,broken clouds
112,Tiznit,MA,2021-10-03 19:50:51,29.5833,-9.5,62.53,80,96,4.34,overcast clouds
113,Sao Joao Da Barra,BR,2021-10-03 19:50:36,-21.6403,-41.0511,82.49,79,2,21.5,clear sky
114,East London,ZA,2021-10-03 19:49:13,-33.0153,27.9116,58.24,70,53,4.63,light rain
115,Katsuura,JP,2021-10-03 19:50:52,35.1333,140.3,71.71,79,1,7.27,clear sky
116,Leningradskiy,RU,2021-10-03 19:50:53,69.3833,178.4167,17.67,84,94,4.34,overcast clouds
117,Dvinskoy,RU,2021-10-03 19:50:53,62.1535,45.1175,43.14,83,100,2.86,overcast clouds
118,Port Elizabeth,ZA,2021-10-03 19:46:39,-33.918,25.5701,56.1,73,4,7.99,clear sky
119,Tuktoyaktuk,CA,2021-10-03 19:50:54,69.4541,-133.0374,33.8,100,90,14.97,light intensity drizzle
120,High Level,CA,2021-10-03 19:50:54,58.5169,-117.136,46.51,53,75,13.8,broken clouds
121,Norman Wells,CA,2021-10-03 19:50:54,65.282,-126.8329,35.64,93,90,20.71,light rain and snow
122,Illapel,CL,2021-10-03 19:50:55,-31.6308,-71.1653,68.61,38,0,8.03,clear sky
123,Neiafu,TO,2021-10-03 19:50:55,-18.65,-173.9833,77.68,88,75,10.36,broken clouds
124,Barsovo,RU,2021-10-03 19:50:56,61.1667,73.1667,30.33,88,100,9.33,overcast clouds
125,Tiksi,RU,2021-10-03 19:49:19,71.6872,128.8694,24.71,88,97,13.0,overcast clouds
126,Sabang,ID,2021-10-03 19:50:56,5.8933,95.3214,81.77,77,68,12.44,broken clouds
127,Angoche,MZ,2021-10-03 19:50:57,-16.2325,39.9086,77.22,73,5,15.64,clear sky
128,Panama City,PA,2021-10-03 19:50:29,8.9936,-79.5197,89.55,65,40,17.27,scattered clouds
129,Zhezkazgan,KZ,2021-10-03 19:50:57,47.8043,67.7144,44.13,78,98,8.61,overcast clouds
130,Port Lincoln,AU,2021-10-03 19:48:23,-34.7333,135.8667,52.54,63,58,26.11,broken clouds
131,Nedjo,ET,2021-10-03 19:50:58,9.5046,35.5019,57.18,93,100,1.97,overcast clouds
132,Arraial Do Cabo,BR,2021-10-03 19:49:43,-22.9661,-42.0278,84.16,69,0,18.41,clear sky
133,Formosa Do Rio Preto,BR,2021-10-03 19:50:59,-11.0483,-45.1931,97.54,16,9,9.53,clear sky
134,Victoria,HK,2021-10-03 19:50:08,22.2855,114.1577,84.33,79,86,1.99,light rain
135,Bayshore Gardens,US,2021-10-03 19:50:59,27.4253,-82.5904,90.99,54,1,11.5,clear sky
136,Rikitea,PF,2021-10-03 19:55:43,-23.1203,-134.9692,73.54,64,78,17.34,broken clouds
137,Ust-Omchug,RU,2021-10-03 19:51:00,61.15,149.6333,18.54,95,100,8.84,overcast clouds
138,Aripuana,BR,2021-10-03 19:51:00,-9.1667,-60.6333,92.93,42,94,1.03,overcast clouds
139,Hermanus,ZA,2021-10-03 19:48:55,-34.4187,19.2345,53.91,67,55,7.58,broken clouds
140,Nalut,LY,2021-10-03 19:51:01,30.3333,10.85,79.16,28,0,9.17,clear sky
141,Vila,PT,2021-10-03 19:51:01,42.0304,-8.1588,50.94,84,27,1.59,scattered clouds
142,Soc Trang,VN,2021-10-03 19:51:02,9.6033,105.98,75.9,93,99,4.41,overcast clouds
143,Puerto Maldonado,PE,2021-10-03 19:48:26,-12.6,-69.1833,97.2,44,40,9.22,scattered clouds
144,Lorengau,PG,2021-10-03 19:49:36,-2.0226,147.2712,79.07,82,97,4.72,overcast clouds
145,Lavrentiya,RU,2021-10-03 19:48:20,65.5833,-171.0,24.6,70,15,3.06,few clouds
146,Mwinilunga,ZM,2021-10-03 19:51:03,-11.7358,24.4293,62.53,87,78,2.89,broken clouds
147,Podporozhye,RU,2021-10-03 19:51:04,60.9112,34.1706,41.52,93,3,4.65,clear sky
148,Olafsvik,IS,2021-10-03 19:51:04,64.8945,-23.7142,40.96,90,100,35.37,overcast clouds
149,Tecoanapa,MX,2021-10-03 19:51:05,16.5167,-98.75,85.87,66,13,10.45,few clouds
150,Boysun,UZ,2021-10-03 19:51:05,38.2061,67.1986,51.37,48,3,4.07,clear sky
151,Dukat,RU,2021-10-03 19:51:06,62.55,155.55,22.96,91,100,11.21,overcast clouds
152,Georgetown,MY,2021-10-03 19:46:21,5.4112,100.3354,81.9,88,20,0.0,few clouds
153,Naze,JP,2021-10-03 19:51:06,28.3667,129.4833,77.22,63,0,19.48,clear sky
154,Hambantota,LK,2021-10-03 19:51:07,6.1241,81.1185,79.56,83,88,12.5,overcast clouds
155,Severo-Kurilsk,RU,2021-10-03 19:51:07,50.6789,156.125,47.34,79,68,36.89,broken clouds
156,Puerto Escondido,MX,2021-10-03 19:51:08,15.85,-97.0667,86.13,70,20,6.93,few clouds
157,Narsaq,GL,2021-10-03 19:51:08,60.9167,-46.05,39.65,62,0,5.26,clear sky
158,Abaete,BR,2021-10-03 19:51:09,-19.16,-45.4458,93.61,24,46,8.25,scattered clouds
159,Mahon,ES,2021-10-03 19:47:11,39.8885,4.2658,73.96,83,75,11.5,broken clouds
160,Hasaki,JP,2021-10-03 19:48:47,35.7333,140.8333,66.6,81,0,7.87,clear sky
161,Kindersley,CA,2021-10-03 19:51:09,51.4668,-109.1682,73.18,23,20,20.71,few clouds
162,San Luis,AR,2021-10-03 19:51:11,-33.295,-66.3356,64.15,17,0,9.22,clear sky
163,Nsanje,MW,2021-10-03 19:51:11,-16.92,35.262,85.21,40,2,4.32,clear sky
164,Sur,OM,2021-10-03 19:51:11,22.5667,59.5289,82.92,77,100,16.6,overcast clouds
165,Sukumo,JP,2021-10-03 19:51:12,32.9333,132.7333,68.13,88,27,6.17,scattered clouds
166,Dubai,AE,2021-10-03 19:50:56,25.2582,55.3047,89.53,51,0,12.66,clear sky
167,Hamilton,US,2021-10-03 19:46:39,39.1834,-84.5333,71.62,91,75,1.99,broken clouds
168,Gisborne,NZ,2021-10-03 19:51:13,-38.6533,178.0042,59.95,79,100,5.5,light rain
169,Ganzhou,CN,2021-10-03 19:51:13,28.8184,115.4327,76.5,68,0,1.23,clear sky
170,Nuuk,GL,2021-10-03 19:51:14,64.1835,-51.7216,39.45,80,17,9.08,few clouds
171,Yulara,AU,2021-10-03 19:51:14,-25.2406,130.9889,53.44,40,0,8.05,clear sky
172,Ostrovnoy,RU,2021-10-03 19:51:15,68.0531,39.5131,44.33,87,15,21.45,few clouds
173,Ziway,ET,2021-10-03 19:51:16,7.9333,38.7167,63.7,82,57,0.83,light rain
174,Nome,US,2021-10-03 19:51:16,64.5011,-165.4064,28.47,74,1,6.91,clear sky
175,Praia Da Vitoria,PT,2021-10-03 19:51:16,38.7333,-27.0667,73.65,88,20,6.08,few clouds
176,Clearwater,US,2021-10-03 19:48:40,27.9659,-82.8001,90.09,54,40,3.0,scattered clouds
177,Torbay,CA,2021-10-03 19:51:17,47.6666,-52.7314,59.29,84,75,5.75,broken clouds
178,Upernavik,GL,2021-10-03 19:48:34,72.7868,-56.1549,30.69,91,100,4.59,light snow
179,Zhangye,CN,2021-10-03 19:51:18,38.9342,100.4517,47.68,38,99,1.36,overcast clouds
180,Kwinana,AU,2021-10-03 19:51:18,-32.25,115.7667,48.18,77,28,6.76,scattered clouds
181,Paamiut,GL,2021-10-03 19:51:19,61.994,-49.6678,39.47,72,0,7.38,clear sky
182,Acapulco,MX,2021-10-03 19:47:22,16.8634,-99.8901,85.98,69,21,6.6,few clouds
183,Kozluk,TR,2021-10-03 19:51:19,38.1938,41.4885,68.25,34,0,3.36,clear sky
184,Banda Aceh,ID,2021-10-03 19:51:20,5.5577,95.3222,79.41,82,67,9.66,broken clouds
185,Auki,SB,2021-10-03 19:50:00,-8.7676,160.7034,77.61,87,19,3.6,few clouds
186,Mount Isa,AU,2021-10-03 19:51:20,-20.7333,139.5,73.17,27,12,11.5,light rain
187,Hofn,IS,2021-10-03 19:51:21,64.2539,-15.2082,47.17,80,100,20.38,overcast clouds
188,Kemin,KG,2021-10-03 19:51:21,42.7846,75.6892,43.93,53,100,1.77,overcast clouds
189,Bundaberg,AU,2021-10-03 19:51:22,-24.85,152.35,73.22,94,10,1.99,clear sky
190,Ode,NG,2021-10-03 19:51:22,7.7899,5.7117,72.01,92,99,4.83,light rain
191,Hede,CN,2021-10-03 19:51:22,33.7681,120.2517,70.5,86,99,9.78,light rain
192,Saint-Augustin,CA,2021-10-03 19:51:23,51.226,-58.6502,42.44,91,100,8.37,overcast clouds
193,Gasa,PS,2021-10-03 19:51:23,31.5,34.4667,76.98,62,99,9.01,overcast clouds
194,Kavieng,PG,2021-10-03 19:48:20,-2.5744,150.7967,81.03,75,100,3.83,overcast clouds
195,Galle,LK,2021-10-03 19:51:24,6.0367,80.217,78.35,87,66,8.12,broken clouds
196,Manokwari,ID,2021-10-03 19:51:25,-0.8667,134.0833,79.11,76,100,5.1,overcast clouds
197,Anadyr,RU,2021-10-03 19:51:26,64.75,177.4833,36.1,93,40,13.0,scattered clouds
198,Pacific Grove,US,2021-10-03 19:49:49,36.6177,-121.9166,96.62,32,1,3.0,clear sky
199,Saint-Francois,FR,2021-10-03 19:51:26,46.4154,3.9054,54.48,100,75,2.3,broken clouds
200,Berdigestyakh,RU,2021-10-03 19:51:27,62.0989,126.6992,25.45,83,15,4.72,few clouds
201,Ajdabiya,LY,2021-10-03 19:51:27,30.7554,20.2263,73.02,55,0,8.19,clear sky
202,Moron,AR,2021-10-03 19:51:28,-34.6534,-58.6198,62.29,35,69,11.23,broken clouds
203,Nautla,MX,2021-10-03 19:51:28,20.2167,-96.7833,85.15,64,40,11.56,scattered clouds
204,Buin,CL,2021-10-03 19:51:28,-33.7333,-70.75,75.06,23,0,5.84,clear sky
205,Sao Jose De Ribamar,BR,2021-10-03 19:51:29,-2.5619,-44.0542,89.98,77,30,16.49,scattered clouds
206,Bafia,CM,2021-10-03 19:51:29,4.75,11.2333,70.7,94,98,2.93,overcast clouds
207,Tromso,NO,2021-10-03 19:49:54,69.6496,18.957,56.05,66,40,16.11,light rain
208,Cherskiy,RU,2021-10-03 19:51:30,68.75,161.3,15.85,98,93,3.09,overcast clouds
209,Husavik,IS,2021-10-03 19:50:21,66.0449,-17.3389,44.51,98,100,18.9,overcast clouds
210,Kaitangata,NZ,2021-10-03 19:49:21,-46.2817,169.8464,50.94,83,100,13.71,light rain
211,Taoudenni,ML,2021-10-03 19:51:31,22.6783,-3.9836,98.24,8,88,10.58,overcast clouds
212,Kailua,US,2021-10-03 19:51:31,21.4022,-157.7394,82.38,71,75,13.8,light rain
213,Marapanim,BR,2021-10-03 19:51:32,-0.7175,-47.6997,83.95,67,78,8.81,broken clouds
214,Kapustin Yar,RU,2021-10-03 19:51:33,48.5831,45.7372,50.54,42,100,7.9,overcast clouds
215,Dafeng,CN,2021-10-03 19:51:33,23.4517,108.5881,76.17,84,8,3.09,clear sky
216,Laguna,US,2021-10-03 19:51:34,38.421,-121.4238,91.2,25,1,1.01,clear sky
217,Kruisfontein,ZA,2021-10-03 19:51:28,-34.0033,24.7314,53.89,78,58,4.9,broken clouds
218,Sendafa,ET,2021-10-03 19:51:34,9.15,39.0333,51.51,87,18,4.16,few clouds
219,Alberdi,AR,2021-10-03 19:51:35,-32.8899,-60.6906,68.16,28,0,4.0,clear sky
220,Sibolga,ID,2021-10-03 19:51:35,1.7427,98.7792,76.96,78,100,2.68,overcast clouds
221,Raga,SS,2021-10-03 19:51:36,8.4596,25.678,72.16,85,93,3.31,overcast clouds
222,Mbini,GQ,2021-10-03 19:51:36,1.574,9.6134,77.76,87,77,5.86,light rain
223,Faanui,PF,2021-10-03 19:51:36,-16.4833,-151.75,78.66,70,52,10.54,broken clouds
224,Airai,TL,2021-10-03 19:50:47,-8.9266,125.4092,59.09,67,13,1.07,few clouds
225,Casa Nova,BR,2021-10-03 19:51:37,-9.4167,-41.1333,96.78,30,0,9.64,clear sky
226,Fortuna,US,2021-10-03 19:56:04,40.5982,-124.1573,80.42,81,20,5.75,few clouds
227,Berlevag,NO,2021-10-03 19:51:38,70.8578,29.0864,51.75,62,0,36.82,clear sky
228,Khao Yoi,TH,2021-10-03 19:51:38,13.2403,99.8243,75.9,87,89,1.77,moderate rain
229,Pisco,PE,2021-10-03 19:50:40,-13.7,-76.2167,68.05,64,0,18.41,clear sky
230,Bambous Virieux,MU,2021-10-03 19:51:39,-20.3428,57.7575,73.22,88,75,11.5,light rain
231,Tual,ID,2021-10-03 19:51:40,-5.6667,132.75,80.69,66,100,7.09,overcast clouds
232,Catuday,PH,2021-10-03 19:51:40,16.2923,119.8062,79.2,80,90,8.88,overcast clouds
233,Saint Anthony,US,2021-10-03 19:50:04,45.0205,-93.218,73.74,64,1,1.99,clear sky
234,Manbij,SY,2021-10-03 19:51:41,36.5281,37.9549,70.57,51,0,13.47,clear sky
235,Santa Lucia,ES,2021-10-03 19:51:41,27.9117,-15.5407,66.76,75,20,23.02,few clouds
236,Kondoa,TZ,2021-10-03 19:51:42,-4.9,35.7833,68.0,45,100,5.99,overcast clouds
237,Isfana,KG,2021-10-03 19:51:42,39.8386,69.5306,43.36,49,12,1.7,few clouds
238,Hailar,CN,2021-10-03 19:51:43,49.2,119.7,33.3,91,93,5.44,overcast clouds
239,Nantucket,US,2021-10-03 19:51:43,41.2835,-70.0995,70.03,83,88,11.25,overcast clouds
240,Adre,TD,2021-10-03 19:51:44,13.4667,22.2,80.71,36,41,5.48,scattered clouds
241,San Francisco,US,2021-10-03 19:51:04,37.7749,-122.4194,93.61,49,20,1.01,smoke
242,Torbat-E Jam,IR,2021-10-03 19:51:44,35.244,60.6225,52.39,31,0,11.9,clear sky
243,Arman,RU,2021-10-03 19:51:45,59.7,150.1667,37.71,62,100,14.92,overcast clouds
244,Mogadishu,SO,2021-10-03 19:51:45,2.0371,45.3438,78.28,86,10,16.28,clear sky
245,Shihezi,CN,2021-10-03 19:51:46,44.3,86.0333,45.88,50,7,6.06,clear sky
246,Coihaique,CL,2021-10-03 19:51:24,-45.5752,-72.0662,52.41,54,75,6.91,light intensity shower rain
247,Prince George,CA,2021-10-03 19:49:28,53.9166,-122.753,51.24,40,20,5.01,few clouds
248,Rawson,AR,2021-10-03 19:51:46,-43.3002,-65.1023,61.39,30,20,13.82,few clouds
249,Yatou,CN,2021-10-03 19:51:47,37.15,122.3833,73.24,94,100,16.46,heavy intensity rain
250,Kargala,RU,2021-10-03 19:51:47,56.6208,83.9607,35.94,98,100,5.88,overcast clouds
251,Basoko,CD,2021-10-03 19:51:48,1.2391,23.616,71.92,89,50,3.91,scattered clouds
252,Kibre Mengist,ET,2021-10-03 19:51:49,5.8833,38.9833,60.57,92,98,2.89,overcast clouds
253,Tyukalinsk,RU,2021-10-03 19:51:49,55.8732,72.1967,31.32,96,100,7.38,overcast clouds
254,Camargo,MX,2021-10-03 19:51:49,27.6667,-105.1667,70.47,55,100,12.33,overcast clouds
255,West Calder,GB,2021-10-03 19:51:50,55.8519,-3.5698,51.12,87,0,16.11,clear sky
256,Bengkulu,ID,2021-10-03 19:49:07,-3.8004,102.2655,74.77,90,100,3.11,overcast clouds
257,Kinsale,IE,2021-10-03 19:51:51,51.7075,-8.5306,49.23,93,20,6.91,few clouds
258,Binzhou,CN,2021-10-03 19:51:51,37.3667,118.0167,69.75,97,100,7.56,light rain
259,Dingle,PH,2021-10-03 19:49:09,10.9995,122.6711,75.25,96,100,6.35,overcast clouds
260,Clyde River,CA,2021-10-03 19:51:52,70.4692,-68.5914,39.43,87,90,0.0,overcast clouds
261,Gazli,UZ,2021-10-03 19:51:52,40.1333,63.45,53.26,35,0,10.11,clear sky
262,Shadegan,IR,2021-10-03 19:51:53,30.6497,48.6647,87.75,11,0,10.45,clear sky
263,Chuy,UY,2021-10-03 19:48:24,-33.6971,-53.4616,58.95,60,62,12.28,broken clouds
264,Ribeira Grande,PT,2021-10-03 19:51:53,38.5167,-28.7,72.0,88,40,9.22,scattered clouds
265,Toba,JP,2021-10-03 19:51:54,34.4833,136.85,71.6,78,0,9.33,clear sky
266,Kokorevka,RU,2021-10-03 19:51:54,52.5872,34.2778,44.96,82,100,4.97,light rain
267,Lompoc,US,2021-10-03 19:49:44,34.6391,-120.4579,97.21,43,1,4.0,clear sky
268,San Pedro Sula,HN,2021-10-03 19:50:00,15.5,-88.0333,91.11,60,40,5.99,scattered clouds
269,Ginda,IN,2021-10-03 19:51:55,30.6945,78.4932,59.99,94,0,2.17,clear sky
270,Lebu,CL,2021-10-03 19:56:14,-37.6167,-73.65,52.21,71,0,22.24,clear sky
271,Adrar,MR,2021-10-03 19:51:56,20.5022,-10.0711,95.43,11,12,4.83,few clouds
272,Richards Bay,ZA,2021-10-03 19:48:32,-28.783,32.0377,59.52,84,100,5.12,light rain
273,Okhtyrka,UA,2021-10-03 19:51:57,50.3104,34.8988,46.06,61,0,6.98,clear sky
274,Port Victoria,KE,2021-10-03 19:51:57,0.0939,33.9756,68.72,85,100,10.56,moderate rain
275,Bac Lieu,VN,2021-10-03 19:51:57,9.285,105.7244,76.33,92,100,7.76,overcast clouds
276,Galveston,US,2021-10-03 19:51:58,29.3669,-94.9669,92.17,72,1,1.99,clear sky
277,Mombetsu,JP,2021-10-03 19:51:58,44.3525,143.3525,61.86,72,100,20.04,moderate rain
278,Los Llanos De Aridane,ES,2021-10-03 19:51:15,28.6585,-17.9182,74.12,79,40,14.97,scattered clouds
279,Bacolod,PH,2021-10-03 19:51:59,10.6667,122.95,76.84,91,100,8.93,moderate rain
280,Hualmay,PE,2021-10-03 19:51:59,-11.0964,-77.6139,66.7,72,40,11.41,scattered clouds
281,Ikornnes,NO,2021-10-03 19:52:00,62.3873,6.557,59.92,72,100,7.0,overcast clouds
282,San Patricio,US,2021-10-03 19:52:00,28.017,-97.5169,90.28,50,78,7.74,broken clouds
283,Tilichiki,RU,2021-10-03 19:52:01,60.4667,166.1,37.11,94,100,20.33,light rain
284,Namatanai,PG,2021-10-03 19:52:01,-3.6667,152.4333,79.18,79,96,5.21,overcast clouds
285,Ouahigouya,BF,2021-10-03 19:52:02,13.5828,-2.4216,91.99,20,59,6.55,broken clouds
286,Santiago Del Estero,AR,2021-10-03 19:52:03,-27.7951,-64.2615,60.8,28,100,5.12,overcast clouds
287,Caravelas,BR,2021-10-03 19:52:03,-17.7125,-39.2481,77.83,77,6,13.42,clear sky
288,San Cristobal,VE,2021-10-03 19:52:04,7.7669,-72.225,84.38,52,28,6.13,scattered clouds
289,Mount Gambier,AU,2021-10-03 19:52:04,-37.8333,140.7667,49.91,93,75,10.36,broken clouds
290,Hovd,MN,2021-10-03 19:50:23,48.0056,91.6419,31.98,36,4,4.03,clear sky
291,La Ermita,MX,2021-10-03 19:52:05,20.4139,-101.9936,74.3,56,100,5.61,overcast clouds
292,Ndjole,GA,2021-10-03 19:52:05,-0.1783,10.7649,74.89,96,99,2.59,light rain
293,Pochutla,MX,2021-10-03 19:49:22,15.7432,-96.4661,89.82,58,28,6.26,scattered clouds
294,Smithfield,US,2021-10-03 19:49:01,41.922,-71.5495,73.13,78,20,1.99,few clouds
295,Nizhniy Novgorod,RU,2021-10-03 19:52:06,56.3287,44.002,42.31,93,75,4.47,light rain
296,Dimitrovgrad,RU,2021-10-03 19:52:06,54.2139,49.6184,46.45,82,100,4.27,overcast clouds
297,Pontarlier,FR,2021-10-03 19:51:25,46.8333,6.25,51.57,99,100,3.0,light rain
298,Vila Velha,BR,2021-10-03 19:52:07,-20.3297,-40.2925,84.15,65,0,16.11,clear sky
299,Kalmunai,LK,2021-10-03 19:52:08,7.4167,81.8167,80.24,82,100,5.57,light rain
300,Zunyi,CN,2021-10-03 19:52:08,27.6867,106.9072,67.75,82,26,4.25,scattered clouds
301,Mazatlan,MX,2021-10-03 19:52:08,23.2167,-106.4167,89.91,66,71,7.0,broken clouds
302,Wuxi,CN,2021-10-03 19:52:09,31.5689,120.2886,75.94,78,2,14.92,clear sky
303,Ixtapa,MX,2021-10-03 19:52:09,20.7,-105.2,89.22,71,42,5.01,scattered clouds
304,Tupik,RU,2021-10-03 19:52:10,54.4253,119.9327,28.45,84,18,1.83,few clouds
305,Novovorontsovka,UA,2021-10-03 19:52:10,47.5004,33.9175,53.13,52,7,12.01,clear sky
306,Amahai,ID,2021-10-03 19:52:11,-3.3333,128.9167,75.02,87,77,3.02,broken clouds
307,Talnakh,RU,2021-10-03 19:48:46,69.4865,88.3972,17.28,96,97,1.25,overcast clouds
308,Tartu,EE,2021-10-03 19:52:11,58.3806,26.7251,46.65,73,87,9.22,overcast clouds
309,New Glasgow,CA,2021-10-03 19:49:16,45.5834,-62.6486,59.92,67,64,9.46,broken clouds
310,Dubbo,AU,2021-10-03 19:52:12,-32.25,148.6167,51.93,87,0,11.5,clear sky
311,Chik,RU,2021-10-03 19:52:13,54.9928,82.4311,34.18,93,90,4.47,overcast clouds
312,Gat,IL,2021-10-03 19:48:32,31.61,34.7642,75.88,71,21,6.35,few clouds
313,Santa Ana,US,2021-10-03 19:51:46,33.7456,-117.8678,101.68,19,40,4.61,scattered clouds
314,La Palma,US,2021-10-03 19:52:13,33.8464,-118.0467,101.95,26,40,5.99,scattered clouds
315,Zapolyarnyy,RU,2021-10-03 19:52:14,69.4154,30.8136,47.48,82,100,16.75,overcast clouds
316,Achim,DE,2021-10-03 19:52:14,53.0112,9.033,62.19,94,75,8.05,broken clouds
317,Alikovo,RU,2021-10-03 19:52:15,55.7383,46.7549,42.67,88,100,4.61,overcast clouds
318,Katherine,AU,2021-10-03 19:52:15,-14.4667,132.2667,80.92,74,52,6.91,broken clouds
319,Vitre,FR,2021-10-03 19:52:16,48.1178,-1.2058,53.42,85,0,8.75,clear sky
320,Male,MV,2021-10-03 19:52:16,4.1748,73.5089,84.15,79,20,16.11,few clouds
321,Kathu,TH,2021-10-03 19:52:16,7.9178,98.3332,86.7,88,91,8.99,overcast clouds
322,Kokopo,PG,2021-10-03 19:52:17,-4.352,152.2633,76.39,84,91,6.29,overcast clouds
323,Khasan,RU,2021-10-03 19:52:17,42.4308,130.6434,61.86,88,100,2.71,light rain
324,Sabinopolis,BR,2021-10-03 19:52:18,-18.6661,-43.0839,81.5,46,72,2.77,broken clouds
325,Tucuman,AR,2021-10-03 19:50:16,-26.8241,-65.2226,57.2,51,100,4.61,overcast clouds
326,Namibe,AO,2021-10-03 19:48:57,-15.1961,12.1522,61.77,85,64,3.44,broken clouds
327,Whitehorse,CA,2021-10-03 19:51:47,60.7161,-135.0538,39.09,81,75,0.0,light shower snow
328,Geraldton,AU,2021-10-03 19:48:46,-28.7667,114.6,46.81,93,40,8.05,scattered clouds
329,Kattivakkam,IN,2021-10-03 19:52:20,13.2167,80.3167,82.49,78,10,6.06,clear sky
330,Soe,ID,2021-10-03 19:52:20,-9.8607,124.284,63.39,80,12,2.57,few clouds
331,Hami,CN,2021-10-03 19:52:20,42.8,93.45,47.28,33,0,4.63,clear sky
332,Sidi Ali,DZ,2021-10-03 19:52:21,36.0998,0.4206,68.54,68,9,7.83,clear sky
333,Bilma,NE,2021-10-03 19:52:21,18.6853,12.9164,87.6,17,50,7.9,scattered clouds
334,Matadi,CD,2021-10-03 19:52:22,-5.8167,13.45,79.79,70,67,10.38,broken clouds
335,Iberia,US,2021-10-03 19:52:22,29.9502,-91.7507,88.97,58,1,0.0,clear sky
336,Paldiski,EE,2021-10-03 19:52:22,59.3567,24.0531,53.15,73,100,19.24,overcast clouds
337,Saint-Pierre,RE,2021-10-03 19:50:18,-21.3393,55.4781,71.29,70,90,2.3,overcast clouds
338,Stephenville Crossing,CA,2021-10-03 19:52:23,48.5,-58.4318,57.33,72,75,10.36,broken clouds
339,Abeche,TD,2021-10-03 19:52:23,13.8292,20.8324,87.06,36,57,4.27,broken clouds
340,Eyl,SO,2021-10-03 19:52:24,7.9803,49.8164,77.99,85,58,16.89,broken clouds
341,North Bend,US,2021-10-03 19:52:24,43.4065,-124.2243,66.85,81,1,6.91,haze
342,Mezen,RU,2021-10-03 19:52:25,65.8522,44.24,43.97,90,100,5.39,overcast clouds
343,Amazar,RU,2021-10-03 19:52:25,53.858,120.875,30.29,79,3,3.74,clear sky
344,Chara,RU,2021-10-03 19:52:26,56.9064,118.2631,28.24,71,39,2.06,scattered clouds
345,Pangai,TO,2021-10-03 19:52:26,-19.8,-174.35,75.31,83,75,20.71,broken clouds
346,Ust-Maya,RU,2021-10-03 19:52:26,60.4167,134.5333,30.22,88,100,5.66,overcast clouds
347,Arlit,NE,2021-10-03 19:52:27,18.7369,7.3853,90.75,12,0,8.43,clear sky
348,Kaeo,NZ,2021-10-03 19:49:21,-35.1,173.7833,63.32,97,100,12.57,light rain
349,Bayan,CN,2021-10-03 19:52:28,46.0833,127.4,43.72,79,100,7.47,overcast clouds
350,Nyrob,RU,2021-10-03 19:52:28,60.733,56.7202,30.29,84,13,3.0,few clouds
351,Inirida,CO,2021-10-03 19:52:29,3.8653,-67.9239,85.26,72,96,0.51,overcast clouds
352,Lulea,SE,2021-10-03 19:52:29,65.5842,22.1547,51.87,76,0,23.02,light rain
353,Chuka,KE,2021-10-03 19:52:30,-0.3332,37.6459,66.31,65,99,2.51,overcast clouds
354,Sri Aman,MY,2021-10-03 19:52:30,1.2376,111.4621,73.45,100,100,0.0,overcast clouds
355,Oyem,GA,2021-10-03 19:52:31,1.5995,11.5793,68.23,98,74,2.66,broken clouds
356,Asuncion,PY,2021-10-03 19:51:48,-25.3007,-57.6359,71.04,88,90,18.41,overcast clouds
357,Arrifes,PT,2021-10-03 19:52:31,37.7667,-25.7,72.23,94,75,4.61,broken clouds
358,Santa Luzia,BR,2021-10-03 19:52:32,-19.7697,-43.8514,93.34,32,40,5.75,scattered clouds
359,Kampot,KH,2021-10-03 19:52:32,10.6167,104.1833,77.05,86,75,4.65,broken clouds
360,Mackay,AU,2021-10-03 19:52:32,-21.15,149.2,71.58,94,16,6.91,few clouds
361,Svobodnyy,RU,2021-10-03 19:52:33,51.4,128.1333,33.04,74,0,7.58,clear sky
362,Buraydah,SA,2021-10-03 19:52:34,26.326,43.975,88.25,12,2,9.31,clear sky
363,Valparaiso,CL,2021-10-03 19:52:17,-33.0393,-71.6273,68.23,43,0,16.11,clear sky
364,Camacha,PT,2021-10-03 19:50:44,33.0833,-16.3333,72.54,88,40,10.36,light intensity drizzle
365,Ornskoldsvik,SE,2021-10-03 19:52:34,63.2909,18.7153,53.42,100,90,20.71,light rain
366,Mehamn,NO,2021-10-03 19:52:35,71.0357,27.8492,51.71,71,0,14.97,clear sky
367,Rio Gallegos,AR,2021-10-03 19:52:10,-51.6226,-69.2181,57.25,28,40,35.68,scattered clouds
368,Hwange,ZW,2021-10-03 19:52:35,-18.3693,26.5019,77.38,49,51,2.37,broken clouds
369,Constitucion,CL,2021-10-03 19:52:36,-35.3333,-72.4167,58.55,58,0,20.56,clear sky
370,Patacamaya,BO,2021-10-03 19:52:37,-17.2333,-67.9167,63.21,24,7,16.69,clear sky
371,Roma,US,2021-10-03 19:52:37,43.2128,-75.4557,64.44,93,90,6.91,mist
372,Meadow Lake,US,2021-10-03 19:52:38,34.8014,-106.5436,75.81,36,75,6.22,broken clouds
373,Akdepe,TM,2021-10-03 19:52:38,42.0551,59.3788,46.49,57,3,9.55,clear sky
374,Sembe,CG,2021-10-03 19:52:39,1.6481,14.5806,70.79,95,47,0.96,light rain
375,Talcahuano,CL,2021-10-03 19:52:39,-36.7167,-73.1167,60.48,51,0,21.85,clear sky
376,Morro Bay,US,2021-10-03 19:52:39,35.3658,-120.8499,97.34,26,0,4.14,clear sky
377,Mpanda,TZ,2021-10-03 19:52:40,-6.3655,31.0409,74.8,58,70,4.36,broken clouds
378,Banfora,BF,2021-10-03 19:52:41,10.6333,-4.7667,79.48,73,35,4.36,scattered clouds
379,Chenzhou,CN,2021-10-03 19:52:41,25.8,113.0333,76.8,79,0,4.85,light rain
380,Elko,US,2021-10-03 19:52:41,41.0002,-115.5012,74.73,13,0,5.99,clear sky
381,Mayumba,GA,2021-10-03 19:52:42,-3.432,10.6554,76.15,84,98,7.58,overcast clouds
382,Haines Junction,CA,2021-10-03 19:50:07,60.7522,-137.5108,33.75,93,100,2.3,light rain
383,Iqaluit,CA,2021-10-03 19:48:45,63.7506,-68.5145,44.33,65,75,2.3,broken clouds
384,Yushu,CN,2021-10-03 19:52:43,44.8,126.5333,40.98,93,14,7.0,few clouds
385,Guozhen,CN,2021-10-03 19:52:43,34.3659,107.359,58.41,84,100,5.1,light rain
386,Tonantins,BR,2021-10-03 19:52:44,-2.8731,-67.8022,88.32,58,75,4.03,broken clouds
387,Baiyin,CN,2021-10-03 19:52:44,36.5583,104.2081,41.88,75,100,3.22,light rain
388,Hit,IQ,2021-10-03 19:52:45,33.6416,42.8251,82.36,29,0,10.47,clear sky
389,Huarmey,PE,2021-10-03 19:50:37,-10.0681,-78.1522,68.05,73,82,12.73,broken clouds
390,Biak,ID,2021-10-03 19:52:46,-0.9131,122.8766,75.49,81,93,8.28,overcast clouds
391,Dunedin,NZ,2021-10-03 19:51:53,-45.8742,170.5036,46.83,92,100,12.93,overcast clouds
392,Nesebar,BG,2021-10-03 19:52:46,42.7833,27.7333,54.48,85,0,5.84,clear sky
393,Katangli,RU,2021-10-03 19:52:47,51.7102,143.2326,37.76,86,100,8.7,overcast clouds
394,Honiara,SB,2021-10-03 19:52:47,-9.4333,159.95,78.78,88,28,2.98,scattered clouds
395,Sicamous,CA,2021-10-03 19:52:48,50.8331,-118.9856,72.48,39,19,5.03,few clouds
396,Boa Vista,BR,2021-10-03 19:52:48,2.8197,-60.6733,94.98,41,40,6.91,scattered clouds
397,Tianmen,CN,2021-10-03 19:52:49,30.6516,113.1603,78.66,73,0,6.46,clear sky
398,Yaan,NG,2021-10-03 19:52:50,7.3833,8.5667,76.26,84,20,5.08,few clouds
399,Vestmannaeyjar,IS,2021-10-03 19:49:23,63.4427,-20.2734,46.85,82,76,3.74,broken clouds
400,Soyo,AO,2021-10-03 19:52:50,-6.1349,12.3689,75.24,82,99,9.4,overcast clouds
401,Coalinga,US,2021-10-03 19:52:51,36.1397,-120.3602,89.78,29,0,5.1,clear sky
402,Champerico,GT,2021-10-03 19:52:51,14.3,-91.9167,88.75,73,26,7.49,scattered clouds
403,Thinadhoo,MV,2021-10-03 19:52:52,0.5333,72.9333,83.01,76,66,17.72,broken clouds
404,Mandera,KE,2021-10-03 19:52:52,3.9366,41.867,88.65,38,1,10.38,clear sky
405,La Primavera,CO,2021-10-03 19:52:53,5.4906,-70.4092,87.66,60,86,6.82,overcast clouds
406,Urdoma,RU,2021-10-03 19:52:53,61.7533,48.5442,40.48,88,100,3.29,overcast clouds
407,Bilibino,RU,2021-10-03 19:52:54,68.0546,166.4372,12.36,97,89,4.63,overcast clouds
408,Polovinnoye,RU,2021-10-03 19:52:54,54.7914,65.9864,32.47,76,100,10.78,overcast clouds
409,Kedrovoye,RU,2021-10-03 19:52:54,57.1576,60.5698,33.24,89,98,5.75,overcast clouds
410,Eureka,US,2021-10-03 19:52:55,40.8021,-124.1637,80.67,87,21,3.0,few clouds
411,Rabaul,PG,2021-10-03 19:52:55,-4.1967,152.1721,78.85,80,93,6.69,overcast clouds
412,La Ronge,CA,2021-10-03 19:50:29,55.1001,-105.2842,62.85,31,20,4.61,few clouds
413,Kristiansund,NO,2021-10-03 19:52:56,63.1115,7.732,54.25,76,0,5.75,light rain
414,Chifeng,CN,2021-10-03 19:52:56,42.2683,118.9636,49.21,64,100,6.82,overcast clouds
415,Morondava,MG,2021-10-03 19:52:57,-20.2833,44.2833,76.44,82,3,8.03,clear sky
416,Port Hardy,CA,2021-10-03 19:52:57,50.6996,-127.4199,55.58,58,40,4.61,light rain
417,Genhe,CN,2021-10-03 19:52:58,50.7833,121.5167,30.22,77,100,1.39,overcast clouds
418,Kapuskasing,CA,2021-10-03 19:52:58,49.4169,-82.4331,62.6,59,40,5.75,scattered clouds
419,Vanavara,RU,2021-10-03 19:52:58,60.34,102.2797,31.59,89,71,3.62,broken clouds
420,Bonavista,CA,2021-10-03 19:52:59,48.6499,-53.1147,57.11,89,84,12.48,broken clouds
421,Kieta,PG,2021-10-03 19:50:33,-6.2167,155.6333,78.73,81,100,3.02,overcast clouds
422,Moradabad,IN,2021-10-03 19:53:00,28.8333,78.7833,79.34,75,45,1.14,scattered clouds
423,Asau,RO,2021-10-03 19:52:11,46.4333,26.4,49.75,90,0,2.06,clear sky
424,Lufilufi,WS,2021-10-03 19:53:01,-13.8745,-171.5986,83.98,77,16,21.41,light rain
425,Farsund,NO,2021-10-03 19:53:01,58.0948,6.8047,56.95,79,100,18.68,overcast clouds
426,Haverfordwest,GB,2021-10-03 19:53:01,51.8017,-4.9691,57.34,83,18,1.99,few clouds
427,Aloleng,PH,2021-10-03 19:53:02,16.1307,119.7824,80.17,80,96,6.89,overcast clouds
428,Clovis,US,2021-10-03 19:50:46,36.8252,-119.7029,92.68,27,1,3.44,haze
429,Esperance,AU,2021-10-03 19:50:32,-33.8667,121.9,42.64,71,69,9.57,broken clouds
430,Taywarah,AF,2021-10-03 19:53:03,33.35,64.4167,45.54,33,0,5.79,clear sky
431,Necochea,AR,2021-10-03 19:49:30,-38.5473,-58.7368,54.03,63,6,18.16,clear sky
432,Gornopravdinsk,RU,2021-10-03 19:53:04,60.05,69.9,30.51,91,100,7.49,overcast clouds
433,Yoichi,JP,2021-10-03 19:52:30,43.2039,140.7703,64.22,82,100,13.06,overcast clouds
434,Cotonou,BJ,2021-10-03 19:53:05,6.3654,2.4183,82.38,83,40,11.5,scattered clouds
435,Lazarev,RU,2021-10-03 19:53:05,52.225,141.5131,42.64,68,60,12.15,broken clouds
436,Warrnambool,AU,2021-10-03 19:53:06,-38.3833,142.4833,50.81,88,69,19.82,light rain
437,Margate,GB,2021-10-03 19:53:06,51.3813,1.3862,55.11,81,0,1.99,clear sky
438,Aswan,EG,2021-10-03 19:53:07,24.0934,32.907,85.3,28,0,6.91,clear sky
439,Linhares,BR,2021-10-03 19:53:07,-19.3911,-40.0722,79.38,70,99,13.51,overcast clouds
440,Llandrindod Wells,GB,2021-10-03 19:53:08,52.2416,-3.3787,53.29,96,16,9.73,few clouds
441,Havre,FR,2021-10-03 19:53:08,49.5833,0.3333,53.58,80,7,11.74,clear sky
442,Dawei,MM,2021-10-03 19:53:08,14.0833,98.2,75.74,94,73,2.06,heavy intensity rain
443,San Quintin,MX,2021-10-03 19:49:59,30.4833,-115.95,80.1,39,100,8.97,overcast clouds
444,Colares,PT,2021-10-03 19:53:09,38.7992,-9.4469,64.29,65,0,8.99,clear sky
445,Alofi,NU,2021-10-03 19:53:09,-19.0595,-169.9187,73.29,94,74,10.36,light rain
446,Guarapari,BR,2021-10-03 19:53:10,-20.6667,-40.4975,84.09,73,5,23.42,clear sky
447,Leh,IN,2021-10-03 19:50:09,34.1667,77.5833,50.32,46,7,7.05,clear sky
448,Rocha,UY,2021-10-03 19:53:11,-34.4833,-54.3333,54.64,62,58,13.89,broken clouds
449,Wajima,JP,2021-10-03 19:53:11,37.4,136.9,70.29,69,0,7.94,clear sky
450,Srandakan,ID,2021-10-03 19:53:11,-7.9386,110.2506,58.73,79,64,5.26,broken clouds
451,Dengzhou,CN,2021-10-03 19:53:12,37.8086,120.7508,69.66,97,100,12.08,light rain
452,Bluefield,US,2021-10-03 19:51:04,37.2698,-81.2223,70.56,80,90,1.01,overcast clouds
453,Do Gonbadan,IR,2021-10-03 19:53:12,30.3586,50.7981,80.69,32,0,0.0,clear sky
454,Dicabisagan,PH,2021-10-03 19:53:13,17.0818,122.4157,77.92,90,98,4.74,overcast clouds
455,Kroya,ID,2021-10-03 19:53:13,-7.6331,109.2461,78.19,82,72,4.79,broken clouds
456,Piacabucu,BR,2021-10-03 19:53:14,-10.4056,-36.4344,78.46,78,8,11.05,clear sky
457,Mporokoso,ZM,2021-10-03 19:53:14,-9.3727,30.125,66.7,68,100,1.99,overcast clouds
458,Izhma,RU,2021-10-03 19:53:15,65.0083,53.9113,36.12,89,100,5.12,overcast clouds
459,Vetluzhskiy,RU,2021-10-03 19:53:15,58.3902,45.4654,43.95,90,100,2.8,overcast clouds
460,Shirokiy,RU,2021-10-03 19:53:15,49.758,129.523,32.59,84,2,7.45,clear sky
461,Saint-Joseph,RE,2021-10-03 19:53:16,-21.3667,55.6167,70.21,80,19,11.83,few clouds
462,Raudeberg,NO,2021-10-03 19:51:07,61.9875,5.1352,58.78,51,85,11.01,overcast clouds
463,Atambua,ID,2021-10-03 19:53:17,-9.1061,124.8925,71.55,74,15,1.99,few clouds
464,Cikarang,ID,2021-10-03 19:53:17,-6.2611,107.1528,82.53,77,100,2.39,overcast clouds
465,Santa Vitoria Do Palmar,BR,2021-10-03 19:53:18,-33.5189,-53.3681,58.95,63,75,10.22,broken clouds
466,Bosaso,SO,2021-10-03 19:53:18,11.2842,49.1816,88.16,63,28,1.92,scattered clouds
467,Lieksa,FI,2021-10-03 19:53:19,63.3167,30.0167,46.72,86,51,12.97,broken clouds
468,Cabedelo,BR,2021-10-03 19:53:20,-6.9811,-34.8339,83.07,73,5,11.45,clear sky
469,Saldanha,ZA,2021-10-03 19:48:47,-33.0117,17.9442,53.65,71,0,25.64,clear sky
470,Grand Gaube,MU,2021-10-03 19:53:21,-20.0064,57.6608,73.38,73,23,7.0,few clouds
471,Hay River,CA,2021-10-03 19:53:21,60.8156,-115.7999,51.78,37,75,11.5,broken clouds
472,Batsfjord,NO,2021-10-03 19:53:21,70.6345,29.7185,51.73,76,0,36.82,clear sky
473,Innellan,GB,2021-10-03 19:53:22,55.8919,-4.9616,52.57,87,79,12.75,broken clouds
474,Tuatapere,NZ,2021-10-03 19:53:22,-46.1333,167.6833,44.82,93,100,3.33,overcast clouds
475,Oyama,JP,2021-10-03 19:53:23,36.3,139.8,72.59,76,77,2.86,broken clouds
476,Guerrero Negro,MX,2021-10-03 19:50:40,27.9769,-114.0611,87.3,37,62,6.96,broken clouds
477,Oran,DZ,2021-10-03 19:53:23,35.6911,-0.6417,73.33,68,0,12.66,clear sky
478,Changzhou,CN,2021-10-03 19:53:24,31.7833,119.9667,75.96,76,4,12.12,light rain
479,Broome,US,2021-10-03 19:49:13,42.2506,-75.833,67.55,80,90,3.0,light rain
480,Ahipara,NZ,2021-10-03 19:49:13,-35.1667,173.1667,60.53,98,100,8.95,overcast clouds
481,Kushmurun,KZ,2021-10-03 19:53:25,52.4503,64.6311,37.67,69,98,13.73,overcast clouds
482,Constantine,DZ,2021-10-03 19:53:17,36.365,6.6147,80.01,31,20,10.36,few clouds
483,San Policarpo,PH,2021-10-03 19:53:25,12.1791,125.5072,81.3,86,100,17.78,heavy intensity rain
484,Ulladulla,AU,2021-10-03 19:53:26,-35.35,150.4667,59.9,85,95,3.36,overcast clouds
485,Lamar,US,2021-10-03 19:53:26,33.6668,-95.5836,83.86,53,75,6.91,broken clouds
486,Bubaque,GW,2021-10-03 19:53:27,11.2833,-15.8333,82.31,72,98,3.6,overcast clouds
487,Deputatskiy,RU,2021-10-03 19:48:59,69.3,139.9,15.73,93,100,5.12,overcast clouds
488,Rawlins,US,2021-10-03 19:53:28,41.7911,-107.2387,68.43,20,0,17.85,clear sky
489,Durban,ZA,2021-10-03 19:53:28,-29.8579,31.0292,59.92,89,100,7.14,light rain
490,Medeiros Neto,BR,2021-10-03 19:53:28,-17.3739,-40.2206,91.17,32,4,13.42,clear sky
491,Kirovskiy,RU,2021-10-03 19:53:29,45.0917,133.5136,49.15,93,100,3.36,overcast clouds
492,Pingliang,CN,2021-10-03 19:53:29,35.5392,106.6861,49.01,84,100,13.56,moderate rain
493,Comodoro Rivadavia,AR,2021-10-03 19:50:51,-45.8667,-67.5,64.26,25,40,25.32,scattered clouds
494,Iskateley,RU,2021-10-03 19:53:30,67.6803,53.1512,37.47,93,79,10.33,broken clouds
495,Corinto,GR,2021-10-03 19:50:57,37.9407,22.9573,65.68,57,63,4.05,broken clouds
496,Trujillo,PE,2021-10-03 19:49:28,-8.116,-79.03,64.36,77,49,13.8,fog
497,Jhunjhunun,IN,2021-10-03 19:53:31,28.1307,75.4014,83.26,60,3,9.19,clear sky
498,Jilib,SO,2021-10-03 19:53:32,0.4883,42.7854,75.61,83,12,9.13,few clouds
499,Jacareacanga,BR,2021-10-03 19:53:32,-6.2222,-57.7528,95.59,34,99,4.94,overcast clouds
500,Harper,LR,2021-10-03 19:57:05,4.375,-7.7169,78.46,88,100,6.08,overcast clouds
501,Filadelfia,US,2021-10-03 19:53:27,39.9523,-75.1638,85.1,62,75,3.0,broken clouds
502,Payo,ID,2021-10-03 19:53:33,-3.7508,103.6372,72.61,95,100,1.28,light rain
503,Kayes,ML,2021-10-03 19:53:34,14.0,-11.0,84.27,53,13,4.47,few clouds
504,Qui Nhon,VN,2021-10-03 19:53:34,13.7667,109.2333,76.53,90,100,6.73,overcast clouds
505,Bassano Del Grappa,IT,2021-10-03 19:53:34,45.7676,11.7357,68.25,85,92,4.41,overcast clouds
506,Karlskrona,SE,2021-10-03 19:53:35,56.1616,15.5866,61.25,71,100,18.7,overcast clouds
507,Wageningen,NL,2021-10-03 19:53:35,51.9667,5.6667,54.16,92,90,11.5,overcast clouds
508,Roebourne,AU,2021-10-03 19:53:36,-20.7833,117.1333,69.03,65,0,7.87,clear sky
509,Booue,GA,2021-10-03 19:53:36,-0.0921,11.9385,72.81,97,43,1.66,moderate rain
510,Varberg,SE,2021-10-03 19:53:36,57.1056,12.2508,63.41,90,100,29.28,light rain
511,Gallup,US,2021-10-03 19:53:37,35.5281,-108.7426,66.02,43,97,3.0,overcast clouds
512,Hue,VN,2021-10-03 19:53:37,16.4667,107.6,77.11,88,20,3.44,few clouds
513,Salalah,OM,2021-10-03 19:53:38,17.0151,54.0924,79.63,82,96,7.87,overcast clouds
514,Gizo,SB,2021-10-03 19:51:31,-8.103,156.8419,81.97,78,12,6.87,few clouds
515,Kendari,ID,2021-10-03 19:53:38,-3.945,122.4989,73.51,95,100,3.47,overcast clouds
516,Pumiao,CN,2021-10-03 19:53:39,22.75,108.4833,75.6,89,8,3.18,light rain
517,Kandrian,PG,2021-10-03 19:53:39,-6.2167,149.55,75.65,89,56,3.62,broken clouds
518,Escanaba,US,2021-10-03 19:51:29,45.7453,-87.0646,69.21,100,90,5.75,overcast clouds
519,Araucaria,BR,2021-10-03 19:52:04,-25.5931,-49.4103,62.89,97,100,5.19,moderate rain
520,Fort-Shevchenko,KZ,2021-10-03 19:49:11,44.5086,50.263,58.73,39,99,20.02,overcast clouds
521,Conakry,GN,2021-10-03 19:53:40,9.538,-13.6773,82.47,83,75,6.91,broken clouds
522,Niquelandia,BR,2021-10-03 19:53:41,-14.4739,-48.4597,89.91,35,92,5.06,overcast clouds
523,Komsomolskiy,UZ,2021-10-03 19:48:59,40.4272,71.7189,57.92,77,75,2.3,broken clouds
524,Havre-Saint-Pierre,CA,2021-10-03 19:53:41,50.2334,-63.5986,55.76,58,75,4.61,broken clouds
525,Rosarito,MX,2021-10-03 19:53:42,32.3333,-117.0333,98.67,45,99,6.2,overcast clouds
526,Vagur,FO,2021-10-03 19:53:42,61.4732,-6.8119,48.38,87,100,42.43,overcast clouds
527,Griffith,US,2021-10-03 19:53:42,41.5284,-87.4237,78.15,89,90,10.36,heavy intensity rain
528,Najran,SA,2021-10-03 19:53:43,17.4924,44.1277,83.05,33,89,2.91,overcast clouds
529,Suez,EG,2021-10-03 19:53:43,29.9737,32.5263,71.1,73,0,11.05,clear sky
530,Saquarema,BR,2021-10-03 19:49:27,-22.92,-42.5103,84.34,75,16,11.3,few clouds
531,Setermoen,NO,2021-10-03 19:53:44,68.861,18.3486,55.36,84,100,9.93,overcast clouds
532,Tallahassee,US,2021-10-03 19:51:46,30.4383,-84.2807,77.47,87,90,9.22,overcast clouds
533,Esik,KZ,2021-10-03 19:53:45,43.3552,77.4525,38.62,61,100,1.07,overcast clouds
534,Ossora,RU,2021-10-03 19:53:45,59.2353,163.0719,42.51,96,100,36.19,moderate rain
535,Izazi,TZ,2021-10-03 19:53:46,-7.2,35.7333,77.25,40,45,6.22,scattered clouds
536,Naryshkino,RU,2021-10-03 19:53:46,52.9678,35.7268,44.78,82,100,6.02,overcast clouds
537,Dunda,TZ,2021-10-03 19:53:47,-8.1167,34.25,71.92,47,50,4.09,scattered clouds
538,Oume,JP,2021-10-03 19:53:47,35.7839,139.2431,70.79,88,1,3.44,clear sky
539,Tamandare,BR,2021-10-03 19:53:47,-8.7597,-35.1047,77.99,80,9,10.2,clear sky
540,Port-Gentil,GA,2021-10-03 19:49:32,-0.7193,8.7815,78.76,89,75,11.5,broken clouds
541,Orcopampa,PE,2021-10-03 19:53:48,-15.2661,-72.3417,62.38,24,77,12.82,broken clouds
542,Anori,BR,2021-10-03 19:53:49,-3.7728,-61.6442,87.67,58,98,2.93,overcast clouds
543,Alepe,CI,2021-10-03 19:53:49,5.5004,-3.6631,78.67,89,98,3.69,overcast clouds
544,Sola,VU,2021-10-03 19:53:50,-13.8833,167.55,79.65,77,36,7.74,scattered clouds
545,Faya,SA,2021-10-03 19:53:50,18.3851,42.4509,64.51,41,94,0.87,overcast clouds
546,Byron Bay,AU,2021-10-03 19:52:46,-28.65,153.6167,64.87,57,33,8.34,scattered clouds
547,Duldurga,RU,2021-10-03 19:53:51,50.6761,113.5931,34.16,82,100,4.65,overcast clouds
548,Kysyl-Syr,RU,2021-10-03 19:53:52,63.8986,122.7617,27.0,76,100,2.89,overcast clouds
